epoch,loss,lr
1,3.167926,1.07e-05
2,2.503664,2.00e-05
3,2.288339,1.98e-05
4,2.103943,1.94e-05
5,2.111552,1.86e-05
6,2.008587,1.76e-05
7,1.975492,1.64e-05
8,1.993039,1.49e-05
9,1.995393,1.34e-05
10,1.981989,1.17e-05
11,1.917700,9.93e-06
12,1.935781,8.19e-06
13,1.907591,6.51e-06
14,1.907217,4.94e-06
15,1.884491,3.52e-06
16,1.898726,2.29e-06
17,1.879525,1.31e-06
18,1.912141,5.80e-07
19,1.850580,1.40e-07
20,1.867637,3.24e-10
