epoch,loss,lr
1,3.121039,1.07e-05
2,2.448459,2.00e-05
3,2.209876,1.98e-05
4,2.079949,1.94e-05
5,2.035987,1.86e-05
6,2.060388,1.76e-05
7,1.984620,1.64e-05
8,1.977933,1.49e-05
9,1.955158,1.34e-05
10,1.961641,1.17e-05
11,1.974059,9.93e-06
12,1.891139,8.19e-06
13,1.914425,6.51e-06
14,1.880347,4.94e-06
15,1.888100,3.52e-06
16,1.909024,2.29e-06
17,1.914552,1.31e-06
18,1.890836,5.80e-07
19,1.888970,1.40e-07
20,1.881380,3.24e-10
