epoch,loss,lr
1,3.044451,2.68e-05
2,2.469410,5.00e-05
3,2.352484,4.96e-05
4,2.273218,4.84e-05
5,2.301838,4.66e-05
6,2.274379,4.40e-05
7,2.171409,4.09e-05
8,2.121759,3.73e-05
9,2.094868,3.34e-05
10,2.064248,2.92e-05
11,2.016389,2.48e-05
12,1.935243,2.05e-05
13,1.910001,1.63e-05
14,1.893683,1.23e-05
15,1.905029,8.80e-06
16,1.911806,5.74e-06
17,1.860959,3.26e-06
18,1.879716,1.45e-06
19,1.898880,3.50e-07
20,1.871169,8.09e-10
