epoch,loss,lr
1,2.959599,2.68e-05
2,2.924714,5.00e-05
3,2.453698,4.96e-05
4,2.397850,4.84e-05
5,2.251502,4.66e-05
6,2.272296,4.40e-05
7,2.213747,4.09e-05
8,2.088758,3.73e-05
9,2.041103,3.34e-05
10,1.964878,2.92e-05
11,2.004118,2.48e-05
12,1.943735,2.05e-05
13,1.920639,1.63e-05
14,1.940516,1.23e-05
15,1.892519,8.80e-06
16,1.931256,5.74e-06
17,1.889033,3.26e-06
18,1.902527,1.45e-06
19,1.840081,3.50e-07
20,1.860889,8.09e-10
