epoch,loss,lr
1,2.929860,2.68e-05
2,2.385323,5.00e-05
3,2.417366,4.96e-05
4,2.343136,4.84e-05
5,2.232019,4.66e-05
6,2.333484,4.40e-05
7,2.102539,4.09e-05
8,2.105059,3.73e-05
9,2.129946,3.34e-05
10,2.008400,2.92e-05
11,1.982781,2.48e-05
12,1.943082,2.05e-05
13,1.986422,1.63e-05
14,1.923830,1.23e-05
15,1.916108,8.80e-06
16,1.926311,5.74e-06
17,1.906658,3.26e-06
18,1.887221,1.45e-06
19,1.861895,3.50e-07
20,1.904901,8.09e-10
