epoch,loss,lr
1,3.403487,7.60e-06
2,3.387497,9.98e-06
3,3.318297,9.83e-06
4,3.209139,9.53e-06
5,3.051583,9.10e-06
6,2.932189,8.54e-06
7,2.849357,7.87e-06
8,2.758918,7.11e-06
9,2.625379,6.29e-06
10,2.621261,5.44e-06
11,2.577264,4.56e-06
12,2.506472,3.71e-06
13,2.418567,2.89e-06
14,2.412326,2.13e-06
15,2.355570,1.46e-06
16,2.350214,9.04e-07
17,2.281482,4.68e-07
18,2.299450,1.70e-07
19,2.366556,1.91e-08
20,2.324358,1.91e-08
