epoch,loss,lr
1,4.108225,1.00e-05
2,4.109930,9.92e-06
3,4.077320,9.70e-06
4,4.023911,9.33e-06
5,3.945969,8.83e-06
6,3.880992,8.21e-06
7,3.792038,7.50e-06
8,3.745970,6.71e-06
9,3.662284,5.87e-06
10,3.628008,5.00e-06
11,3.571723,4.13e-06
12,3.526454,3.29e-06
13,3.506214,2.50e-06
14,3.471106,1.79e-06
15,3.416185,1.17e-06
16,3.415282,6.70e-07
17,3.381322,3.02e-07
18,3.400437,7.60e-08
19,3.370710,4.00e-11
20,3.392876,7.60e-08
