epoch,loss,lr
1,3.361400,7.60e-06
2,3.336007,9.98e-06
3,3.216781,9.83e-06
4,3.003508,9.53e-06
5,2.909470,9.10e-06
6,2.752441,8.54e-06
7,2.603530,7.87e-06
8,2.535424,7.11e-06
9,2.431798,6.29e-06
10,2.491907,5.44e-06
11,2.385960,4.56e-06
12,2.268319,3.71e-06
13,2.309989,2.89e-06
14,2.255355,2.13e-06
15,2.228374,1.46e-06
16,2.207667,9.04e-07
17,2.299610,4.68e-07
18,2.227298,1.70e-07
19,2.166757,1.91e-08
20,2.149230,1.91e-08
