epoch,loss,lr
1,3.356132,7.60e-06
2,3.299683,9.98e-06
3,3.116431,9.83e-06
4,2.873727,9.53e-06
5,2.782289,9.10e-06
6,2.520733,8.54e-06
7,2.451383,7.87e-06
8,2.390265,7.11e-06
9,2.287053,6.29e-06
10,2.239174,5.44e-06
11,2.157057,4.56e-06
12,2.107266,3.71e-06
13,2.115879,2.89e-06
14,2.083817,2.13e-06
15,1.987888,1.46e-06
16,1.969091,9.04e-07
17,1.982616,4.68e-07
18,2.055990,1.70e-07
19,2.086297,1.91e-08
20,1.964760,1.91e-08
