epoch,loss,lr
1,3.336530,7.60e-06
2,3.271252,9.98e-06
3,3.122070,9.83e-06
4,2.928545,9.53e-06
5,2.675560,9.10e-06
6,2.640020,8.54e-06
7,2.488622,7.87e-06
8,2.420145,7.11e-06
9,2.240419,6.29e-06
10,2.246066,5.44e-06
11,2.153634,4.56e-06
12,2.135344,3.71e-06
13,2.057348,2.89e-06
14,2.026436,2.13e-06
15,2.173019,1.46e-06
16,2.003532,9.04e-07
17,2.164857,4.68e-07
18,2.102204,1.70e-07
19,2.071662,1.91e-08
20,2.102466,1.91e-08
