epoch,loss,lr
1,4.094423,1.00e-05
2,4.091365,9.92e-06
3,4.048646,9.70e-06
4,3.958161,9.33e-06
5,3.890764,8.83e-06
6,3.802178,8.21e-06
7,3.707679,7.50e-06
8,3.635487,6.71e-06
9,3.530853,5.87e-06
10,3.486925,5.00e-06
11,3.441906,4.13e-06
12,3.350935,3.29e-06
13,3.364931,2.50e-06
14,3.333951,1.79e-06
15,3.324568,1.17e-06
16,3.292329,6.70e-07
17,3.328225,3.02e-07
18,3.288909,7.60e-08
19,3.264869,4.00e-11
20,3.280797,7.60e-08
