epoch,loss,lr
1,4.069052,1.00e-05
2,4.065904,9.92e-06
3,4.018467,9.70e-06
4,3.925031,9.33e-06
5,3.823820,8.83e-06
6,3.753100,8.21e-06
7,3.690863,7.50e-06
8,3.573480,6.71e-06
9,3.508555,5.87e-06
10,3.440472,5.00e-06
11,3.405378,4.13e-06
12,3.309998,3.29e-06
13,3.292640,2.50e-06
14,3.260833,1.79e-06
15,3.271002,1.17e-06
16,3.197318,6.70e-07
17,3.202021,3.02e-07
18,3.189539,7.60e-08
19,3.221874,4.00e-11
20,3.235153,7.60e-08
