epoch,loss,lr
1,4.094774,1.00e-05
2,4.100149,9.92e-06
3,4.036795,9.70e-06
4,3.968489,9.33e-06
5,3.848225,8.83e-06
6,3.766847,8.21e-06
7,3.688121,7.50e-06
8,3.565421,6.71e-06
9,3.461878,5.87e-06
10,3.405062,5.00e-06
11,3.362411,4.13e-06
12,3.326841,3.29e-06
13,3.298639,2.50e-06
14,3.295391,1.79e-06
15,3.172032,1.17e-06
16,3.202340,6.70e-07
17,3.228222,3.02e-07
18,3.212541,7.60e-08
19,3.182724,4.00e-11
20,3.197467,7.60e-08
