epoch,loss,lr
1,4.048120,1.00e-05
2,4.041615,9.92e-06
3,3.947425,9.70e-06
4,3.841963,9.33e-06
5,3.709422,8.83e-06
6,3.620651,8.21e-06
7,3.488242,7.50e-06
8,3.340872,6.71e-06
9,3.231903,5.87e-06
10,3.153379,5.00e-06
11,3.123143,4.13e-06
12,3.089543,3.29e-06
13,3.111548,2.50e-06
14,2.992882,1.79e-06
15,2.979211,1.17e-06
16,2.988968,6.70e-07
17,2.894667,3.02e-07
18,2.925035,7.60e-08
19,2.912114,4.00e-11
20,2.868788,7.60e-08
