epoch,loss,lr
1,4.058544,1.00e-05
2,4.065041,9.92e-06
3,3.998295,9.70e-06
4,3.897043,9.33e-06
5,3.764854,8.83e-06
6,3.730031,8.21e-06
7,3.600090,7.50e-06
8,3.527398,6.71e-06
9,3.443995,5.87e-06
10,3.237418,5.00e-06
11,3.289138,4.13e-06
12,3.187033,3.29e-06
13,3.171888,2.50e-06
14,3.135548,1.79e-06
15,3.118825,1.17e-06
16,3.088244,6.70e-07
17,3.009564,3.02e-07
18,3.009709,7.60e-08
19,3.106907,4.00e-11
20,3.045984,7.60e-08
