epoch,loss,lr
1,3.378619,7.60e-06
2,3.339883,9.98e-06
3,3.222274,9.83e-06
4,3.120440,9.53e-06
5,2.899245,9.10e-06
6,2.759027,8.54e-06
7,2.650402,7.87e-06
8,2.513018,7.11e-06
9,2.370363,6.29e-06
10,2.336162,5.44e-06
11,2.258375,4.56e-06
12,2.239452,3.71e-06
13,2.148910,2.89e-06
14,2.134970,2.13e-06
15,2.179131,1.46e-06
16,2.070668,9.04e-07
17,2.122269,4.68e-07
18,2.102442,1.70e-07
19,2.109272,1.91e-08
20,2.106128,1.91e-08
