epoch,loss,lr
1,3.394881,7.60e-06
2,3.381102,9.98e-06
3,3.271578,9.83e-06
4,3.180659,9.53e-06
5,3.037269,9.10e-06
6,2.907846,8.54e-06
7,2.733742,7.87e-06
8,2.657537,7.11e-06
9,2.561453,6.29e-06
10,2.510829,5.44e-06
11,2.389209,4.56e-06
12,2.398896,3.71e-06
13,2.361130,2.89e-06
14,2.344251,2.13e-06
15,2.303506,1.46e-06
16,2.252860,9.04e-07
17,2.369157,4.68e-07
18,2.226367,1.70e-07
19,2.209102,1.91e-08
20,2.231004,1.91e-08
