epoch,loss,lr
1,3.392737,1.52e-05
2,3.345564,2.00e-05
3,3.139714,1.97e-05
4,2.993101,1.91e-05
5,2.743245,1.82e-05
6,2.651129,1.71e-05
7,2.445734,1.57e-05
8,2.425107,1.42e-05
9,2.340373,1.26e-05
10,2.198637,1.09e-05
11,2.186985,9.13e-06
12,2.223320,7.41e-06
13,2.092134,5.77e-06
14,2.188165,4.26e-06
15,2.129970,2.93e-06
16,2.128090,1.81e-06
17,2.060191,9.37e-07
18,1.951435,3.41e-07
19,2.080931,3.81e-08
20,1.989338,3.81e-08
