epoch,loss,lr
1,3.357250,1.52e-05
2,3.242568,2.00e-05
3,2.938649,1.97e-05
4,2.699155,1.91e-05
5,2.573640,1.82e-05
6,2.679742,1.71e-05
7,2.339110,1.57e-05
8,2.439911,1.42e-05
9,2.305473,1.26e-05
10,2.356807,1.09e-05
11,2.100622,9.13e-06
12,2.280843,7.41e-06
13,2.136140,5.77e-06
14,2.036414,4.26e-06
15,1.999842,2.93e-06
16,2.025999,1.81e-06
17,1.940745,9.37e-07
18,2.067006,3.41e-07
19,2.240451,3.81e-08
20,2.095435,3.81e-08
