epoch,loss,lr
1,4.095742,2.00e-05
2,4.089702,1.98e-05
3,4.012968,1.94e-05
4,3.850959,1.87e-05
5,3.721951,1.77e-05
6,3.557485,1.64e-05
7,3.440660,1.50e-05
8,3.334116,1.34e-05
9,3.239770,1.17e-05
10,3.294767,1.00e-05
11,3.221964,8.26e-06
12,3.123703,6.58e-06
13,3.120301,5.00e-06
14,3.034623,3.57e-06
15,2.974214,2.34e-06
16,2.966956,1.34e-06
17,2.967573,6.03e-07
18,2.898097,1.52e-07
19,2.951756,8.00e-11
20,2.977135,1.52e-07
