epoch,loss,lr
1,4.054100,2.00e-05
2,4.044725,1.98e-05
3,3.868404,1.94e-05
4,3.597507,1.87e-05
5,3.358134,1.77e-05
6,3.291582,1.64e-05
7,3.139665,1.50e-05
8,3.099753,1.34e-05
9,2.906349,1.17e-05
10,2.675900,1.00e-05
11,2.731716,8.26e-06
12,2.754525,6.58e-06
13,2.787193,5.00e-06
14,2.700861,3.57e-06
15,2.698543,2.34e-06
16,2.701037,1.34e-06
17,2.699815,6.03e-07
18,2.549733,1.52e-07
19,2.799555,8.00e-11
20,2.634744,1.52e-07
