epoch,loss,lr
1,3.364981,1.52e-05
2,3.325521,2.00e-05
3,3.102233,1.97e-05
4,2.868356,1.91e-05
5,2.721542,1.82e-05
6,2.910150,1.71e-05
7,2.649803,1.57e-05
8,2.598787,1.42e-05
9,2.606684,1.26e-05
10,2.462660,1.09e-05
11,2.265172,9.13e-06
12,2.287465,7.41e-06
13,2.271133,5.77e-06
14,2.230293,4.26e-06
15,2.164330,2.93e-06
16,2.159948,1.81e-06
17,2.167628,9.37e-07
18,2.065259,3.41e-07
19,2.179052,3.81e-08
20,2.113432,3.81e-08
