epoch,loss,lr
1,3.147994,1.07e-05
2,2.466834,2.00e-05
3,2.180782,1.98e-05
4,2.157150,1.94e-05
5,2.150141,1.86e-05
6,2.045362,1.76e-05
