epoch,loss,lr
1,4.072804,2.00e-05
2,4.074519,1.98e-05
3,3.937069,1.94e-05
4,3.775834,1.87e-05
5,3.540815,1.77e-05
6,3.318157,1.64e-05
7,3.234453,1.50e-05
8,3.312618,1.34e-05
9,3.341744,1.17e-05
10,3.168563,1.00e-05
11,3.052715,8.26e-06
12,2.977047,6.58e-06
13,2.963033,5.00e-06
14,2.927622,3.57e-06
15,2.892942,2.34e-06
16,2.848884,1.34e-06
17,2.794457,6.03e-07
18,2.751426,1.52e-07
19,2.858494,8.00e-11
20,2.796803,1.52e-07
