epoch,loss,lr
1,3.397235,1.52e-05
2,3.356956,2.00e-05
3,3.215165,1.97e-05
4,3.026618,1.91e-05
5,2.815008,1.82e-05
6,2.665299,1.71e-05
7,2.606596,1.57e-05
8,2.436159,1.42e-05
9,2.415688,1.26e-05
10,2.360918,1.09e-05
11,2.284086,9.13e-06
12,2.291932,7.41e-06
13,2.261008,5.77e-06
14,2.286277,4.26e-06
15,2.110248,2.93e-06
16,2.114112,1.81e-06
17,2.105951,9.37e-07
18,2.173186,3.41e-07
19,2.168321,3.81e-08
20,2.161262,3.81e-08
