epoch,loss,lr
1,4.107595,2.00e-05
2,4.109903,1.98e-05
3,4.029754,1.94e-05
4,3.917074,1.87e-05
5,3.765738,1.77e-05
6,3.634652,1.64e-05
7,3.485387,1.50e-05
8,3.394946,1.34e-05
9,3.251582,1.17e-05
10,3.188074,1.00e-05
11,3.139747,8.26e-06
12,3.039015,6.58e-06
13,3.048014,5.00e-06
14,3.014783,3.57e-06
15,3.083625,2.34e-06
16,2.913898,1.34e-06
17,2.971340,6.03e-07
18,2.913405,1.52e-07
19,2.976511,8.00e-11
20,2.951491,1.52e-07
