epoch,loss,lr
1,4.075542,2.00e-05
2,4.075299,1.98e-05
3,3.975706,1.94e-05
4,3.793158,1.87e-05
5,3.619002,1.77e-05
6,3.470161,1.64e-05
7,3.359453,1.50e-05
8,3.317375,1.34e-05
9,3.230125,1.17e-05
10,3.120572,1.00e-05
11,3.058435,8.26e-06
12,3.009221,6.58e-06
13,2.944637,5.00e-06
14,2.893661,3.57e-06
15,2.892005,2.34e-06
16,2.858011,1.34e-06
17,2.904186,6.03e-07
18,2.862697,1.52e-07
19,2.846580,8.00e-11
20,2.804929,1.52e-07
