epoch,loss,lr
1,3.142059,1.07e-05
2,2.440378,2.00e-05
3,2.201211,1.98e-05
4,2.129640,1.94e-05
5,2.087968,1.86e-05
6,2.002378,1.76e-05
7,1.967190,1.64e-05
8,1.934727,1.49e-05
9,2.001338,1.34e-05
10,1.918118,1.17e-05
11,1.912255,9.93e-06
12,1.904767,8.19e-06
13,1.917550,6.51e-06
14,1.928842,4.94e-06
15,1.884057,3.52e-06
16,1.874231,2.29e-06
17,1.871360,1.31e-06
18,1.867065,5.80e-07
19,1.883043,1.40e-07
20,1.896005,3.24e-10
