epoch,loss,lr
1,4.061916,2.00e-05
2,4.060728,1.98e-05
3,3.886333,1.94e-05
4,3.774495,1.87e-05
5,3.590591,1.77e-05
6,3.398753,1.64e-05
7,3.198614,1.50e-05
8,3.162210,1.34e-05
9,3.027634,1.17e-05
10,3.100605,1.00e-05
11,3.068631,8.26e-06
12,2.940709,6.58e-06
13,3.033571,5.00e-06
14,2.972747,3.57e-06
15,2.792200,2.34e-06
16,2.834960,1.34e-06
17,2.780840,6.03e-07
18,2.751793,1.52e-07
19,2.879666,8.00e-11
20,2.785046,1.52e-07
