epoch,loss,lr
1,4.101213,5.00e-05
2,4.091368,4.96e-05
3,3.906341,4.85e-05
4,3.720610,4.67e-05
5,3.932528,4.42e-05
6,3.660868,4.11e-05
7,3.450974,3.75e-05
8,3.281066,3.36e-05
9,3.245526,2.93e-05
10,3.055842,2.50e-05
11,2.932090,2.07e-05
12,2.963371,1.64e-05
13,2.890546,1.25e-05
14,2.733603,8.93e-06
15,2.750957,5.85e-06
16,2.772727,3.35e-06
17,2.688817,1.51e-06
18,2.813982,3.80e-07
19,2.696918,2.00e-10
20,2.681041,3.80e-07
