epoch,loss,lr
1,4.046260,5.00e-05
2,4.023499,4.96e-05
3,3.799529,4.85e-05
4,3.634004,4.67e-05
5,3.733211,4.42e-05
6,3.935444,4.11e-05
7,3.656387,3.75e-05
8,3.689383,3.36e-05
9,3.732291,2.93e-05
10,3.698393,2.50e-05
11,3.491117,2.07e-05
12,3.411089,1.64e-05
13,3.203617,1.25e-05
14,3.398251,8.93e-06
15,3.288006,5.85e-06
16,3.255764,3.35e-06
17,3.167746,1.51e-06
18,3.172715,3.80e-07
19,3.178161,2.00e-10
20,3.217411,3.80e-07
