epoch,loss,lr
1,3.374498,3.80e-05
2,3.143837,4.99e-05
3,2.887399,4.91e-05
4,3.148519,4.77e-05
5,3.193714,4.55e-05
6,3.208036,4.27e-05
7,3.105792,3.93e-05
8,2.679584,3.56e-05
9,2.450724,3.15e-05
10,2.262959,2.72e-05
11,2.331229,2.28e-05
12,2.128156,1.85e-05
13,2.108159,1.44e-05
14,2.321687,1.07e-05
15,2.274485,7.32e-06
16,2.143569,4.52e-06
17,2.132721,2.34e-06
18,2.207542,8.52e-07
19,2.214370,9.53e-08
20,2.152583,9.53e-08
