epoch,loss,lr
1,3.386037,3.80e-05
2,3.191896,4.99e-05
3,3.037071,4.91e-05
4,3.154384,4.77e-05
5,2.987557,4.55e-05
6,2.955258,4.27e-05
7,3.368418,3.93e-05
8,3.412287,3.56e-05
9,3.335538,3.15e-05
10,3.287762,2.72e-05
11,3.076666,2.28e-05
12,2.903909,1.85e-05
13,2.820975,1.44e-05
14,2.546090,1.07e-05
15,2.603936,7.32e-06
16,2.555721,4.52e-06
17,2.499329,2.34e-06
18,2.386679,8.52e-07
19,2.496048,9.53e-08
20,2.402785,9.53e-08
