epoch,loss,lr
1,3.351889,3.80e-05
2,3.105525,4.99e-05
3,2.920477,4.91e-05
4,2.822524,4.77e-05
5,2.661896,4.55e-05
6,2.548215,4.27e-05
7,2.358658,3.93e-05
8,2.424854,3.56e-05
9,2.613174,3.15e-05
10,2.413395,2.72e-05
11,2.221914,2.28e-05
12,2.135571,1.85e-05
13,2.185223,1.44e-05
14,2.320500,1.07e-05
15,2.116980,7.32e-06
16,2.064152,4.52e-06
17,2.061120,2.34e-06
18,2.004259,8.52e-07
19,2.078856,9.53e-08
20,2.049926,9.53e-08
