epoch,loss,lr
1,4.077986,5.00e-05
2,4.065468,4.96e-05
3,3.754753,4.85e-05
4,3.481162,4.67e-05
5,3.429828,4.42e-05
6,3.933310,4.11e-05
7,3.097804,3.75e-05
8,2.956889,3.36e-05
9,3.133880,2.93e-05
10,2.934806,2.50e-05
11,2.849538,2.07e-05
12,2.867475,1.64e-05
13,2.801388,1.25e-05
14,2.722204,8.93e-06
15,2.683439,5.85e-06
16,2.750200,3.35e-06
17,2.785918,1.51e-06
18,2.656971,3.80e-07
19,2.709862,2.00e-10
20,2.750765,3.80e-07
