epoch,loss,lr
1,4.081940,5.00e-05
2,4.067741,4.96e-05
3,3.876821,4.85e-05
4,3.627010,4.67e-05
5,3.430601,4.42e-05
6,3.403918,4.11e-05
7,3.265412,3.75e-05
8,3.147629,3.36e-05
9,3.140769,2.93e-05
10,2.963639,2.50e-05
11,3.010720,2.07e-05
12,2.771650,1.64e-05
13,2.677496,1.25e-05
14,2.733590,8.93e-06
15,2.728987,5.85e-06
16,2.732392,3.35e-06
17,2.707153,1.51e-06
18,2.675455,3.80e-07
19,2.829111,2.00e-10
20,2.716596,3.80e-07
