epoch,loss,lr
1,3.357805,3.80e-05
2,3.140004,4.99e-05
3,3.082943,4.91e-05
4,2.846750,4.77e-05
5,2.901188,4.55e-05
6,2.858485,4.27e-05
7,2.261901,3.93e-05
8,2.602089,3.56e-05
9,2.199319,3.15e-05
10,2.320998,2.72e-05
11,2.124674,2.28e-05
12,2.154068,1.85e-05
13,2.128209,1.44e-05
14,2.074703,1.07e-05
15,1.948404,7.32e-06
16,1.974587,4.52e-06
17,2.028637,2.34e-06
18,2.107646,8.52e-07
19,2.014267,9.53e-08
20,2.034497,9.53e-08
