epoch,loss,lr
1,3.382229,3.80e-05
2,3.271230,4.99e-05
3,3.013774,4.91e-05
4,2.911044,4.77e-05
5,3.029248,4.55e-05
6,3.053512,4.27e-05
7,2.848318,3.93e-05
8,2.669975,3.56e-05
9,2.544587,3.15e-05
10,2.462950,2.72e-05
11,2.330470,2.28e-05
12,2.209154,1.85e-05
13,2.147933,1.44e-05
14,2.195328,1.07e-05
15,2.083754,7.32e-06
16,2.327215,4.52e-06
17,2.218065,2.34e-06
18,2.172363,8.52e-07
19,2.212444,9.53e-08
20,2.264840,9.53e-08
