epoch,loss,lr
1,4.095242,5.00e-05
2,4.088314,4.96e-05
3,3.958225,4.85e-05
