epoch,loss,lr
1,3.376031,3.80e-05
2,3.190487,4.99e-05
3,2.780210,4.91e-05
4,3.427318,4.77e-05
5,3.154807,4.55e-05
6,2.796848,4.27e-05
7,2.621914,3.93e-05
8,2.336768,3.56e-05
9,2.361773,3.15e-05
10,2.149183,2.72e-05
11,2.200631,2.28e-05
12,2.073087,1.85e-05
13,1.960328,1.44e-05
14,2.111926,1.07e-05
15,2.133378,7.32e-06
16,1.926077,4.52e-06
17,2.046988,2.34e-06
18,1.964782,8.52e-07
19,1.909791,9.53e-08
20,1.935365,9.53e-08
