epoch,loss,lr
1,4.060994,5.00e-05
2,4.055756,4.96e-05
3,3.785483,4.85e-05
4,3.789746,4.67e-05
5,3.561034,4.42e-05
6,3.112981,4.11e-05
7,2.903939,3.75e-05
8,3.224945,3.36e-05
9,3.039173,2.93e-05
10,2.744983,2.50e-05
11,2.810882,2.07e-05
12,2.749854,1.64e-05
13,2.956280,1.25e-05
14,2.843905,8.93e-06
15,2.783468,5.85e-06
16,2.750160,3.35e-06
17,2.779222,1.51e-06
18,2.623034,3.80e-07
19,2.540469,2.00e-10
20,2.605708,3.80e-07
